id,first_name,last_name,email,country,gender,ip_address
1,Valerye,Busain,vbusain0@tripod.com,Spain,Female,112.73.231.188
2,Sheryl,Baythorp,sbaythorp1@blogs.com,Argentina,Female,10.0.27.205
3,Sherwynd,Gravestone,sgravestone2@globo.com,Russia,Male,11.207.216.28
4,Jayson,Fidgin,jfidgin3@google.it,China,Male,116.33.192.70
5,Cchaddie,Sings,csings4@sun.com,China,Male,172.9.246.206
6,Rae,Convery,rconvery5@illinois.edu,Russia,Female,35.13.159.106
7,Madelina,Koles,mkoles6@dot.gov,Jordan,Female,200.103.43.58
8,Flin,Forten,fforten7@archive.org,China,Male,241.100.242.122
9,Roderic,Welling,rwelling8@yellowbook.com,China,Male,65.145.229.157
10,Noelani,Bruins,nbruins9@dagondesign.com,China,Female,174.158.231.55
11,Randie,Breckin,rbreckina@phpbb.com,Czech Republic,Male,128.202.141.136
12,Gerald,Burkart,gburkartb@amazon.de,Indonesia,Male,199.146.28.253
13,Evin,Albrighton,ealbrightonc@berkeley.edu,Indonesia,Male,149.113.65.244
14,Elicia,Jekyll,ejekylld@typepad.com,Indonesia,Female,72.194.160.85
15,Kate,Runacres,krunacrese@mail.ru,Brazil,Female,41.60.235.105
16,Chan,Holyland,cholylandf@com.com,China,Male,199.105.157.93
17,Lamond,Slaney,lslaneyg@jalbum.net,Brazil,Male,253.16.124.29
18,Siouxie,Vince,svinceh@senate.gov,Luxembourg,Female,20.144.138.160
19,Donall,Saurin,dsaurini@princeton.edu,Uzbekistan,Male,7.235.213.7
20,Zechariah,Beckhouse,zbeckhousej@surveymonkey.com,Czech Republic,Male,214.48.22.250
21,Coraline,Dyson,cdysonk@imageshack.us,Malaysia,Female,157.7.184.55
22,Krishna,Paviour,kpaviourl@phoca.cz,China,Male,166.228.66.40
23,Gertie,Carrabot,gcarrabotm@house.gov,Chile,Female,240.68.181.35
24,Elinore,Geggus,egeggusn@opera.com,Philippines,Female,178.17.120.140
25,Kim,Gladwell,kgladwello@typepad.com,Colombia,Female,199.50.196.1
26,Tessi,Palfreeman,tpalfreemanp@cdc.gov,Afghanistan,Female,71.138.198.141
27,Aurore,Catt,acattq@senate.gov,Nigeria,Female,161.241.248.197
28,Corenda,Merlin,cmerlinr@sciencedirect.com,Tonga,Female,221.110.34.20
29,Reade,Manuel,rmanuels@addthis.com,China,Male,252.94.154.15
30,Lorelle,Shedd,lsheddt@stumbleupon.com,China,Female,229.217.44.205
31,Umberto,Robbie,urobbieu@marketwatch.com,Philippines,Male,191.34.85.229
32,Chanda,Bordes,cbordesv@feedburner.com,Sweden,Female,44.245.250.16
33,Aloise,Densie,adensiew@sina.com.cn,Canada,Female,183.27.105.28
34,Ellette,Creasy,ecreasyx@gravatar.com,Indonesia,Female,19.104.12.196
35,Milt,Hylton,mhyltony@nhs.uk,China,Male,195.26.57.251
36,Jocelin,Elacoate,jelacoatez@naver.com,China,Female,99.182.15.80
37,Tarrah,D'Aubney,tdaubney10@ovh.net,Thailand,Female,46.121.122.135
38,Gabriella,Broughton,gbroughton11@linkedin.com,China,Female,170.23.222.14
39,Creigh,Griffin,cgriffin12@dmoz.org,Vietnam,Male,223.221.139.225
40,Luigi,Veal,lveal13@blinklist.com,Indonesia,Male,100.239.75.105
41,Arturo,Krysiak,akrysiak14@tripod.com,Iran,Male,234.46.146.52
42,Beauregard,Papa,bpapa15@msn.com,Brazil,Male,116.150.160.126
43,Kaye,Hrihorovich,khrihorovich16@people.com.cn,Greece,Female,241.200.233.105
44,Chiquita,Elix,celix17@trellian.com,Canada,Female,197.171.244.153
45,Caty,Hawkyens,chawkyens18@purevolume.com,Yemen,Female,230.169.193.237
46,Myrlene,Causnett,mcausnett19@storify.com,Indonesia,Female,186.155.1.12
47,Umeko,O'Scanlan,uoscanlan1a@goo.gl,Indonesia,Female,209.192.170.33
48,Chilton,Mitchenson,cmitchenson1b@netscape.com,Japan,Male,219.50.120.27
49,Willette,Bennell,wbennell1c@acquirethisname.com,China,Female,23.146.5.83
50,Isador,Dunn,idunn1d@msu.edu,Brazil,Male,136.79.194.152
51,Hunter,Corr,hcorr1e@mapquest.com,Bolivia,Male,254.132.187.8
52,Gaylene,Garrigan,ggarrigan1f@ucoz.com,Greece,Female,14.98.176.125
53,Malia,Hiskey,mhiskey1g@weebly.com,China,Female,59.204.235.177
54,Aubry,Stilly,astilly1h@berkeley.edu,Sweden,Female,102.55.188.75
55,Carr,Dorre,cdorre1i@wordpress.com,Mongolia,Male,96.120.122.181
56,Fairlie,Basson,fbasson1j@livejournal.com,Indonesia,Male,239.187.207.85
57,Pollyanna,Kikke,pkikke1k@cargocollective.com,Poland,Female,221.49.125.92
58,Tybie,Praundl,tpraundl1l@adobe.com,Cameroon,Female,8.232.13.59
59,Cynthy,Taysbil,ctaysbil1m@cdc.gov,Portugal,Female,203.10.9.187
60,Monah,Abramcik,mabramcik1n@weibo.com,Indonesia,Female,157.240.15.22
61,Morty,Devonshire,mdevonshire1o@paypal.com,France,Male,195.27.55.7
62,Berrie,Skeleton,bskeleton1p@bigcartel.com,Philippines,Female,16.178.29.90
63,Wilbur,Scawton,wscawton1q@surveymonkey.com,France,Male,197.19.211.29
64,Kally,Allery,kallery1r@foxnews.com,Indonesia,Female,27.90.111.46
65,Ardelle,Crickett,acrickett1s@naver.com,China,Female,223.161.131.114
66,Elton,Adkin,eadkin1t@nytimes.com,China,Male,206.132.143.195
67,Jeffry,Self,jself1u@dailymotion.com,Portugal,Male,19.111.241.111
68,Danyelle,Allwood,dallwood1v@tinyurl.com,Morocco,Female,210.21.249.55
69,Aylmer,Tolefree,atolefree1w@twitter.com,China,Male,189.83.22.122
70,Rhea,Climie,rclimie1x@elpais.com,Haiti,Female,82.238.164.159
71,Daven,Relfe,drelfe1y@mlb.com,Panama,Male,77.245.14.79
72,Marion,Instock,minstock1z@bbc.co.uk,Russia,Female,5.139.230.226
73,Kinny,Greenley,kgreenley20@yandex.ru,Gambia,Male,197.146.90.140
74,Kelwin,Wrist,kwrist21@ebay.com,China,Male,187.156.96.36
75,Nico,Elam,nelam22@house.gov,Japan,Male,16.111.164.103
76,Reyna,Glascott,rglascott23@feedburner.com,Indonesia,Female,204.37.221.154
77,Darsey,Mackstead,dmackstead24@slideshare.net,France,Female,172.35.101.251
78,Selina,Gilhool,sgilhool25@edublogs.org,Armenia,Female,77.80.89.101
79,Kelsey,Alliker,kalliker26@unc.edu,China,Female,178.47.171.180
80,Franzen,Alvin,falvin27@upenn.edu,Finland,Male,122.116.175.240
81,Norton,Nielson,nnielson28@dion.ne.jp,Philippines,Male,66.217.203.116
82,Mercie,Dyche,mdyche29@un.org,Poland,Female,195.245.12.69
83,Alex,Pilmoor,apilmoor2a@eventbrite.com,Indonesia,Female,102.190.9.220
84,Catharina,Farquar,cfarquar2b@eepurl.com,South Africa,Female,148.218.169.149
85,Gannon,Gyrgorcewicx,ggyrgorcewicx2c@cam.ac.uk,China,Male,209.152.150.68
86,Israel,Kirwin,ikirwin2d@1688.com,Philippines,Male,143.171.210.41
87,Andrew,Oty,aoty2e@squidoo.com,Serbia,Male,68.133.22.185
88,Isador,Baverstock,ibaverstock2f@bing.com,China,Male,136.220.177.75
89,Chevy,Rayer,crayer2g@nydailynews.com,Indonesia,Male,230.15.158.137
90,Jaime,Melluish,jmelluish2h@xing.com,Japan,Female,68.191.68.11
91,Isaiah,Checketts,ichecketts2i@merriam-webster.com,China,Male,181.156.128.141
92,Abey,Jacob,ajacob2j@google.es,Costa Rica,Male,149.202.4.20
93,Ferguson,Treen,ftreen2k@ucsd.edu,Ukraine,Male,67.163.208.167
94,Evin,Llopis,ellopis2l@dot.gov,Albania,Male,141.51.142.116
95,Humfrid,Sothcott,hsothcott2m@umich.edu,Nigeria,Male,167.249.116.73
96,Chere,Puddephatt,cpuddephatt2n@cyberchimps.com,Vietnam,Female,91.87.109.107
97,Kylen,Nesfield,knesfield2o@google.nl,New Zealand,Female,115.130.49.219
98,Richard,Garratty,rgarratty2p@dot.gov,France,Male,18.114.108.150
99,Liam,Tear,ltear2q@dion.ne.jp,Philippines,Male,227.242.124.231
100,Elizabet,Swinley,eswinley2r@huffingtonpost.com,Philippines,Female,233.54.188.155
101,Maia,Rossbrooke,mrossbrooke2s@fema.gov,Thailand,Female,202.27.65.137
102,Maggee,Giddings,mgiddings2t@techcrunch.com,Indonesia,Female,69.239.187.136
103,Emlyn,Bruggeman,ebruggeman2u@google.cn,China,Male,113.43.84.143
104,Jake,Bugden,jbugden2v@google.fr,Canada,Male,87.84.68.32
105,Matilde,Godsmark,mgodsmark2w@e-recht24.de,France,Female,55.237.82.241
106,Maggi,Davidsohn,mdavidsohn2x@technorati.com,Czech Republic,Female,161.143.67.107
107,Gerard,Parham,gparham2y@java.com,China,Male,59.38.168.17
108,Cahra,Pollastrino,cpollastrino2z@squarespace.com,China,Female,7.118.127.136
109,Carson,Osbourne,cosbourne30@usa.gov,Ireland,Male,242.9.37.35
110,Rolando,Kernes,rkernes31@wordpress.org,Malaysia,Male,229.163.63.58
111,Courtnay,Goundry,cgoundry32@people.com.cn,United States,Male,58.17.110.69
112,Kent,Klainer,kklainer33@jalbum.net,Morocco,Male,14.77.235.19
113,Clari,Alliban,calliban34@flickr.com,Philippines,Female,237.255.241.252
114,Dorita,Whittlesee,dwhittlesee35@vk.com,Greece,Female,216.149.121.13
115,Kennett,Heatly,kheatly36@smugmug.com,Greece,Male,93.244.79.46
116,Penny,Adrianello,padrianello37@ed.gov,Philippines,Male,148.84.35.199
117,Domenico,Junkinson,djunkinson38@nymag.com,Pakistan,Male,116.85.66.233
118,Ferdinande,Couttes,fcouttes39@phpbb.com,France,Female,154.8.212.95
119,Rebekkah,Wynett,rwynett3a@army.mil,Philippines,Female,95.115.88.39
120,Brittani,Fowlestone,bfowlestone3b@wordpress.org,Finland,Female,45.153.4.97
121,Haleigh,Calf,hcalf3c@bloglovin.com,Indonesia,Female,63.203.145.209
122,Gill,Duer,gduer3d@apple.com,Bosnia and Herzegovina,Female,124.2.15.230
123,Kelsey,Cuttelar,kcuttelar3e@reuters.com,Indonesia,Male,122.79.135.251
124,Stacie,Sabin,ssabin3f@ask.com,Philippines,Female,170.111.28.46
125,Doretta,Speake,dspeake3g@techcrunch.com,Sweden,Female,61.41.120.126
126,Mikel,Chorlton,mchorlton3h@columbia.edu,China,Male,201.213.139.229
127,Ted,Fehely,tfehely3i@meetup.com,Colombia,Male,101.228.11.247
128,Timotheus,Oram,toram3j@e-recht24.de,Portugal,Male,190.155.183.90
129,Archy,Nanetti,ananetti3k@icq.com,Portugal,Male,199.108.250.54
130,Timothee,Slyvester,tslyvester3l@issuu.com,France,Male,73.56.221.104
131,Burk,MacKintosh,bmackintosh3m@devhub.com,Argentina,Male,177.178.45.71
132,Ced,Beat,cbeat3n@dyndns.org,China,Male,75.88.103.156
133,Jeanette,Truman,jtruman3o@goo.ne.jp,Jordan,Female,131.248.201.36
134,Kelsey,Klosser,kklosser3p@kickstarter.com,Serbia,Female,110.30.29.92
135,Bridie,Thake,bthake3q@google.pl,China,Female,62.240.161.203
136,Bathsheba,Ardley,bardley3r@accuweather.com,Argentina,Female,47.58.11.183
137,Jayme,Prantl,jprantl3s@sogou.com,China,Male,66.111.242.129
138,Alysa,Magrannell,amagrannell3t@homestead.com,Russia,Female,146.175.2.69
139,Billy,Ruff,bruff3u@acquirethisname.com,Philippines,Male,139.171.216.198
140,Evaleen,Benedidick,ebenedidick3v@yellowbook.com,France,Female,69.177.42.31
141,Myrwyn,Suatt,msuatt3w@tinyurl.com,Indonesia,Male,149.254.231.148
142,Trenna,Killby,tkillby3x@desdev.cn,Japan,Female,184.94.78.5
143,Donnie,Trassler,dtrassler3y@ftc.gov,China,Male,254.118.9.36
144,Gawen,Voase,gvoase3z@comsenz.com,Portugal,Male,10.155.253.158
145,Cathie,Aleksidze,caleksidze40@vk.com,Hungary,Female,44.62.20.13
146,Lorrayne,Lineham,llineham41@icio.us,Uruguay,Female,23.37.241.194
147,Lindy,Durling,ldurling42@is.gd,Brazil,Male,159.121.81.169
148,Quincey,Delgua,qdelgua43@jalbum.net,Indonesia,Male,89.233.86.143
149,Alberik,Gay,agay44@creativecommons.org,Vietnam,Male,46.193.118.75
150,Toinette,Gorthy,tgorthy45@google.es,United States,Female,136.253.191.233
151,Luciano,Punt,lpunt46@privacy.gov.au,China,Male,41.81.87.240
152,Althea,Gann,agann47@prweb.com,Democratic Republic of the Congo,Female,82.226.107.239
153,Fredric,Genever,fgenever48@dagondesign.com,China,Male,99.154.125.214
154,Gus,Fache,gfache49@dyndns.org,Sweden,Female,47.11.113.27
155,Merrilee,Batrim,mbatrim4a@ezinearticles.com,China,Female,79.110.30.248
156,Sigfrid,Elsmore,selsmore4b@jimdo.com,Portugal,Male,103.95.30.146
157,Webb,Loan,wloan4c@nhs.uk,Indonesia,Male,67.153.61.149
158,Sula,Croneen,scroneen4d@blogtalkradio.com,Thailand,Female,103.161.28.181
159,Sigvard,Fickling,sfickling4e@sun.com,China,Male,229.228.186.200
160,Dee dee,Praton,dpraton4f@princeton.edu,Indonesia,Female,241.80.236.195
161,Duane,Monteath,dmonteath4g@usatoday.com,Czech Republic,Male,27.65.33.150
162,Clarisse,Bridgens,cbridgens4h@xinhuanet.com,Argentina,Female,48.74.248.242
163,Leila,Richichi,lrichichi4i@shutterfly.com,Philippines,Female,99.195.98.33
164,Isidro,Sherer,isherer4j@google.com.hk,Indonesia,Male,180.136.78.81
165,Pepe,Duffan,pduffan4k@smugmug.com,Panama,Male,102.213.169.251
166,Sim,Lody,slody4l@phoca.cz,Indonesia,Male,21.140.176.192
167,Carlynn,Benazet,cbenazet4m@blinklist.com,Honduras,Female,31.201.253.156
168,Perri,Hammel,phammel4n@amazonaws.com,Peru,Female,158.97.93.56
169,Bay,Jeggo,bjeggo4o@mysql.com,Ireland,Male,35.8.193.133
170,Gilburt,Boutellier,gboutellier4p@creativecommons.org,China,Male,182.224.72.14
171,Taffy,Schoolfield,tschoolfield4q@ucsd.edu,Libya,Female,31.134.65.26
172,Dorella,Minerdo,dminerdo4r@plala.or.jp,Russia,Female,85.3.6.189
173,Bryce,Lismer,blismer4s@weather.com,China,Male,46.165.118.84
174,Daven,Frow,dfrow4t@google.co.jp,Laos,Male,44.44.56.28
175,Hailey,Tzar,htzar4u@phoca.cz,Czech Republic,Male,147.42.172.146
176,Krysta,Bryers,kbryers4v@paginegialle.it,Malta,Female,30.48.236.35
177,Sonnie,Wroe,swroe4w@cbslocal.com,Indonesia,Female,108.166.108.60
178,Gal,Sallows,gsallows4x@vinaora.com,China,Male,80.94.67.125
179,Darell,Allard,dallard4y@csmonitor.com,Indonesia,Female,110.143.56.152
180,Emanuele,Peirson,epeirson4z@myspace.com,Russia,Male,75.48.38.60
181,Bobina,MacAskie,bmacaskie50@diigo.com,China,Female,60.179.118.143
182,Marnie,Pernell,mpernell51@php.net,Peru,Female,191.48.143.141
183,Siward,Loomes,sloomes52@geocities.com,Uzbekistan,Male,159.63.170.157
184,Aili,Brudenell,abrudenell53@house.gov,Morocco,Female,149.60.251.44
185,Clemente,Fison,cfison54@slashdot.org,China,Male,70.144.154.91
186,Pauline,Flaherty,pflaherty55@europa.eu,Peru,Female,219.143.139.5
187,Archibaldo,Taillant,ataillant56@indiegogo.com,Poland,Male,40.43.221.17
188,Jaquelyn,Sheivels,jsheivels57@cnn.com,Indonesia,Female,228.98.7.59
189,Mareah,Paydon,mpaydon58@seesaa.net,Belarus,Female,240.45.130.45
190,Archibold,Pic,apic59@npr.org,Brazil,Male,16.36.150.191
191,Meir,Kunc,mkunc5a@comcast.net,Saudi Arabia,Male,80.196.227.168
192,Giffard,Mosconi,gmosconi5b@addthis.com,China,Male,45.110.237.120
193,Ailyn,Liddel,aliddel5c@ftc.gov,United States,Female,12.210.66.179
194,Luella,Tayloe,ltayloe5d@unc.edu,Croatia,Female,78.230.8.92
195,Matthaeus,Bleacher,mbleacher5e@cbslocal.com,Argentina,Male,87.220.96.205
196,Flory,Antcliff,fantcliff5f@chicagotribune.com,Czech Republic,Male,80.186.172.146
197,Howie,Everil,heveril5g@cbsnews.com,China,Male,172.127.198.237
198,Sandor,Bister,sbister5h@mysql.com,France,Male,97.53.188.55
199,Margaretha,Bastock,mbastock5i@abc.net.au,Norfolk Island,Female,87.11.235.76
200,Corene,Eaton,ceaton5j@smugmug.com,Ukraine,Female,23.251.87.16
201,Ulrick,Albrooke,ualbrooke5k@dmoz.org,Australia,Male,247.224.241.4
202,Benjamen,Rojel,brojel5l@samsung.com,Syria,Male,211.47.107.160
203,Arluene,Surplice,asurplice5m@trellian.com,Russia,Female,10.113.241.130
204,Alard,Shann,ashann5n@mac.com,Indonesia,Male,190.112.96.190
205,Mathian,Scogings,mscogings5o@cloudflare.com,Canada,Male,67.22.22.0
206,Vince,Segges,vsegges5p@symantec.com,Poland,Male,1.101.34.226
207,Lodovico,Skillanders,lskillanders5q@comcast.net,China,Male,117.152.44.60
208,Tann,Medcalf,tmedcalf5r@4shared.com,Brazil,Male,195.72.89.225
209,Pammi,Guillerman,pguillerman5s@mtv.com,Russia,Female,2.204.112.86
210,Norman,Tibols,ntibols5t@diigo.com,Argentina,Male,22.34.220.227
211,Court,Ibel,cibel5u@spotify.com,Philippines,Male,236.238.124.1
212,Carlin,Strick,cstrick5v@disqus.com,South Africa,Female,113.41.98.64
213,Merola,Kingescot,mkingescot5w@house.gov,Sweden,Female,225.83.114.37
214,Evangelin,Duchatel,educhatel5x@edublogs.org,Indonesia,Female,108.179.46.186
215,Earlie,Dudny,edudny5y@pen.io,Honduras,Male,201.94.233.249
216,Simone,Gorwood,sgorwood5z@csmonitor.com,Indonesia,Male,101.45.40.144
217,Sadye,Brave,sbrave60@slate.com,Philippines,Female,216.142.207.235
218,Yance,Colmer,ycolmer61@prlog.org,Afghanistan,Male,44.208.46.50
219,Marijn,Como,mcomo62@ebay.com,China,Male,17.31.109.54
220,Kipper,Blowick,kblowick63@yandex.ru,Poland,Male,109.89.151.124
221,Tremayne,Abrahamsen,tabrahamsen64@nhs.uk,Kosovo,Male,142.51.156.166
222,Julie,MacDermot,jmacdermot65@samsung.com,Ukraine,Female,181.75.207.255
223,Elijah,Mewe,emewe66@hud.gov,Iran,Male,181.87.50.34
224,Jenine,Askham,jaskham67@yahoo.com,Portugal,Female,160.163.29.201
225,Lucienne,Mansion,lmansion68@reuters.com,China,Female,134.68.210.248
226,Edward,Wedmore.,ewedmore69@goo.gl,Russia,Male,56.50.173.125
227,Roxine,Dugald,rdugald6a@mit.edu,United States,Female,188.255.177.38
228,Cyndia,Dwyr,cdwyr6b@hugedomains.com,China,Female,238.30.196.201
229,Jackelyn,Lammie,jlammie6c@wufoo.com,Syria,Female,46.166.122.99
230,Gage,Schutt,gschutt6d@seesaa.net,Serbia,Male,32.241.82.119
231,Giovanni,Mattis,gmattis6e@gravatar.com,United States,Male,10.44.184.202
232,Melisent,Allanby,mallanby6f@bluehost.com,Poland,Female,136.99.156.175
233,Lewes,Nurse,lnurse6g@nps.gov,Russia,Male,230.116.17.204
234,Barnebas,Manie,bmanie6h@tuttocitta.it,Indonesia,Male,71.144.76.246
235,Elwyn,Gillies,egillies6i@biblegateway.com,Ukraine,Male,127.188.18.137
236,Monique,Veevers,mveevers6j@surveymonkey.com,China,Female,205.85.3.137
237,Iosep,Wenderoth,iwenderoth6k@simplemachines.org,China,Male,201.237.221.12
238,Fay,Fink,ffink6l@cbsnews.com,Sierra Leone,Female,207.157.199.197
239,Niels,Hopkins,nhopkins6m@gravatar.com,China,Male,244.79.247.217
240,Giordano,Auty,gauty6n@gravatar.com,Indonesia,Male,36.139.97.24
241,Heath,Mathou,hmathou6o@vistaprint.com,Japan,Male,104.16.223.215
242,Jo,Rubberts,jrubberts6p@archive.org,Iran,Male,126.150.191.89
243,Godfree,Lanfere,glanfere6q@state.gov,Greece,Male,72.106.245.250
244,Rosalinde,Ungerecht,rungerecht6r@ovh.net,Russia,Female,190.23.59.252
245,Eleonora,Dimelow,edimelow6s@icq.com,Philippines,Female,253.103.0.158
246,Ginnie,Perroni,gperroni6t@telegraph.co.uk,France,Female,103.66.144.193
247,Yardley,Tomich,ytomich6u@theatlantic.com,Russia,Male,223.222.20.244
248,Rowe,Marriott,rmarriott6v@amazon.co.jp,Zimbabwe,Female,94.23.223.50
249,Ailey,McGragh,amcgragh6w@naver.com,Brazil,Female,221.103.125.73
250,Wynn,Darrington,wdarrington6x@51.la,United States,Female,162.61.33.80
251,Tadio,Brunone,tbrunone6y@chron.com,United States,Male,104.162.156.174
252,Clive,Rispen,crispen6z@comcast.net,Poland,Male,181.242.118.108
253,Elysha,Emmott,eemmott70@cyberchimps.com,Madagascar,Female,197.214.64.244
254,Jody,Gibberd,jgibberd71@marketwatch.com,Comoros,Male,85.128.245.216
255,Sadella,Gorham,sgorham72@bloglines.com,Brazil,Female,223.72.42.118
256,Cissiee,Mielnik,cmielnik73@yandex.ru,Portugal,Female,33.89.164.100
257,Elwyn,Gemson,egemson74@dot.gov,United Arab Emirates,Male,222.16.218.122
258,Timi,Trendle,ttrendle75@webeden.co.uk,Brazil,Female,91.36.5.0
259,Barbi,Davidesco,bdavidesco76@a8.net,France,Female,15.166.4.36
260,Nisse,Bulcroft,nbulcroft77@noaa.gov,Argentina,Female,163.169.81.244
261,Cody,Jasik,cjasik78@hao123.com,Indonesia,Male,155.221.79.139
262,Ettore,Sawter,esawter79@samsung.com,Brazil,Male,222.199.96.144
263,Leeanne,Blay,lblay7a@friendfeed.com,China,Female,80.16.134.222
264,Archibald,Bowmaker,abowmaker7b@t.co,Portugal,Male,209.146.204.9
265,Hurley,Tawton,htawton7c@mozilla.com,Morocco,Male,2.158.148.167
266,Jolee,Wilstead,jwilstead7d@toplist.cz,Venezuela,Female,248.25.144.53
267,Cinderella,Mariot,cmariot7e@blog.com,Armenia,Female,21.179.149.199
268,Bone,Brouncker,bbrouncker7f@ucoz.ru,China,Male,44.186.3.9
269,Melantha,Huard,mhuard7g@over-blog.com,China,Female,42.165.181.35
270,Allin,Alwin,aalwin7h@arstechnica.com,Brazil,Male,97.189.35.17
271,Graeme,Filippyev,gfilippyev7i@berkeley.edu,Egypt,Male,154.29.97.172
272,Laraine,Seally,lseally7j@wufoo.com,France,Female,49.173.99.243
273,Rich,Ioannou,rioannou7k@sbwire.com,Lithuania,Male,20.151.155.111
274,Granville,Beddo,gbeddo7l@wikimedia.org,Iran,Male,44.39.31.240
275,Alvan,O'Concannon,aoconcannon7m@netlog.com,Indonesia,Male,162.31.2.173
276,Trevor,McCluney,tmccluney7n@joomla.org,Poland,Male,192.100.101.191
277,Adi,Dalrymple,adalrymple7o@squidoo.com,Mexico,Female,27.204.187.124
278,Tim,Ellard,tellard7p@flavors.me,Iraq,Male,150.214.58.176
279,Clementia,Gerkens,cgerkens7q@samsung.com,China,Female,41.229.200.176
280,Malvin,Dineges,mdineges7r@jiathis.com,Canada,Male,154.103.116.240
281,Murielle,Marvin,mmarvin7s@bloomberg.com,Greece,Female,202.60.142.189
282,Robers,Nortcliffe,rnortcliffe7t@usnews.com,Philippines,Male,161.161.26.201
283,Olag,McGinny,omcginny7u@pen.io,Russia,Male,10.1.34.0
284,Munroe,Meffin,mmeffin7v@un.org,China,Male,70.78.201.78
285,Lynsey,Crowson,lcrowson7w@addthis.com,Sweden,Female,57.180.91.136
286,Sheffield,Gecks,sgecks7x@google.it,Morocco,Male,253.144.61.127
287,Randi,Briiginshaw,rbriiginshaw7y@pen.io,Canada,Male,8.138.251.100
288,Jedd,Newcome,jnewcome7z@cisco.com,Serbia,Male,211.164.61.210
289,Fletcher,Goodhall,fgoodhall80@clickbank.net,Mexico,Male,85.172.60.101
290,Anjanette,McGilvra,amcgilvra81@stumbleupon.com,Philippines,Female,8.155.154.33
291,Tamra,Barnbrook,tbarnbrook82@feedburner.com,China,Female,72.160.141.142
292,Garvy,De Bernardi,gdebernardi83@dyndns.org,Indonesia,Male,97.184.3.236
293,Margery,Fairham,mfairham84@aol.com,Mexico,Female,20.123.16.29
294,Marabel,Doxey,mdoxey85@smugmug.com,Indonesia,Female,229.174.14.69
295,Rafa,Godman,rgodman86@springer.com,Canada,Female,2.20.252.54
296,Olivier,Thornebarrow,othornebarrow87@soup.io,China,Male,173.121.75.211
297,Aldin,Chaperling,achaperling88@acquirethisname.com,France,Male,207.91.178.148
298,Zaccaria,Dismore,zdismore89@cisco.com,Russia,Male,193.72.120.209
299,Hector,Wagg,hwagg8a@simplemachines.org,Serbia,Male,72.17.191.26
300,Kasper,Sparway,ksparway8b@furl.net,Lebanon,Male,0.181.10.191
301,Dionis,McElrea,dmcelrea8c@webnode.com,Portugal,Female,179.232.15.110
302,Lyon,Dobey,ldobey8d@indiegogo.com,China,Male,175.61.102.231
303,Koo,Howieson,khowieson8e@technorati.com,China,Female,169.218.177.80
304,Wells,Dyka,wdyka8f@disqus.com,Slovenia,Male,155.138.184.0
305,Jammal,Seager,jseager8g@sina.com.cn,France,Male,200.158.224.152
306,Rudiger,Lydiard,rlydiard8h@skyrock.com,Costa Rica,Male,101.84.79.149
307,Betteanne,Drillingcourt,bdrillingcourt8i@google.de,China,Female,139.180.221.6
308,Rooney,Whitmarsh,rwhitmarsh8j@odnoklassniki.ru,China,Male,117.212.3.132
309,Ozzy,Bromige,obromige8k@usatoday.com,Mali,Male,117.109.101.194
310,Aimee,Comfort,acomfort8l@macromedia.com,Poland,Female,10.254.22.240
311,Huntlee,Helstrom,hhelstrom8m@dailymail.co.uk,Poland,Male,103.8.138.95
312,Nick,Storck,nstorck8n@php.net,Philippines,Male,111.102.255.173
313,Roland,Mellhuish,rmellhuish8o@plala.or.jp,China,Male,59.234.137.195
314,Alejandro,Bront,abront8p@ucsd.edu,Philippines,Male,78.188.187.196
315,Pyotr,Hartwell,phartwell8q@tumblr.com,Mongolia,Male,115.59.208.66
316,Bo,Blackater,bblackater8r@flavors.me,Dominican Republic,Male,92.24.204.231
317,Gregoire,Richfield,grichfield8s@uiuc.edu,Sweden,Male,3.246.114.139
318,Yulma,Christoffels,ychristoffels8t@myspace.com,Poland,Male,2.162.211.128
319,Wilfred,Sachno,wsachno8u@mit.edu,Armenia,Male,163.243.77.31
320,Simmonds,Fremantle,sfremantle8v@arstechnica.com,China,Male,61.212.18.192
321,Janenna,Guymer,jguymer8w@feedburner.com,Poland,Female,237.140.144.67
322,Antoinette,Meier,ameier8x@xing.com,Colombia,Female,32.194.146.237
323,Jedidiah,Austin,jaustin8y@multiply.com,China,Male,172.137.37.144
324,Hersch,Ganley,hganley8z@arstechnica.com,France,Male,78.94.84.254
325,Deny,Carloni,dcarloni90@biblegateway.com,Egypt,Female,188.244.96.252
326,Noak,Besantie,nbesantie91@independent.co.uk,Japan,Male,179.60.57.93
327,Kristi,Hincham,khincham92@sfgate.com,China,Female,146.134.254.32
328,Berkly,Ninotti,bninotti93@ox.ac.uk,Colombia,Male,67.73.227.112
329,Bern,Chattaway,bchattaway94@cdbaby.com,Philippines,Male,112.84.187.112
330,Bryna,Matussevich,bmatussevich95@shutterfly.com,Russia,Female,197.104.146.55
331,Way,Vellender,wvellender96@blogs.com,Philippines,Male,165.243.175.133
332,Ginelle,Ridolfi,gridolfi97@hibu.com,Philippines,Female,138.252.77.186
333,Hiram,Mynard,hmynard98@seattletimes.com,China,Male,205.70.144.92
334,Ferdy,Koopman,fkoopman99@wikimedia.org,Peru,Male,231.44.133.55
335,Koo,Fanthome,kfanthome9a@xing.com,Indonesia,Female,78.226.178.192
336,Ddene,Seaman,dseaman9b@mlb.com,China,Female,102.147.149.18
337,Jeri,Noblett,jnoblett9c@vistaprint.com,Belarus,Female,183.57.219.100
338,Biddy,Lorand,blorand9d@barnesandnoble.com,Brazil,Female,180.15.123.123
339,Clare,Barnhart,cbarnhart9e@cam.ac.uk,China,Female,229.189.160.215
340,Murial,Desson,mdesson9f@nbcnews.com,Israel,Female,76.62.114.173
341,Miof mela,Wallington,mwallington9g@cyberchimps.com,China,Female,58.134.237.221
342,Haslett,Camber,hcamber9h@slashdot.org,Nigeria,Male,246.127.4.221
343,Elmo,Branca,ebranca9i@webnode.com,Ukraine,Male,127.131.38.249
344,Jefferey,Penwright,jpenwright9j@bloglines.com,Hungary,Male,204.20.105.150
345,Celine,O'Ferris,coferris9k@is.gd,Ireland,Female,48.195.66.94
346,Anthony,Haeslier,ahaeslier9l@epa.gov,China,Male,214.25.219.6
347,Dyann,Brocklesby,dbrocklesby9m@archive.org,Indonesia,Female,227.170.178.42
348,Bealle,Armfield,barmfield9n@cam.ac.uk,China,Male,4.192.28.51
349,Nicky,Penwright,npenwright9o@themeforest.net,Brazil,Male,188.144.37.11
350,Palmer,Colebourn,pcolebourn9p@omniture.com,Bulgaria,Male,167.184.182.105
351,Jeffy,Defont,jdefont9q@yellowbook.com,France,Male,89.93.204.166
352,Malissia,Simeoli,msimeoli9r@mozilla.org,Iceland,Female,8.140.177.155
353,Kristoforo,Burnside,kburnside9s@free.fr,China,Male,2.211.149.231
354,Karee,Brearley,kbrearley9t@pbs.org,Philippines,Female,101.153.73.165
355,Barron,Twiddell,btwiddell9u@cargocollective.com,Ireland,Male,47.15.134.225
356,Amandy,Lembrick,alembrick9v@microsoft.com,China,Female,224.210.205.242
357,Arel,Corwood,acorwood9w@virginia.edu,China,Male,253.31.12.183
358,Lew,Gregoli,lgregoli9x@moonfruit.com,China,Male,237.181.246.206
359,Marilyn,Rignall,mrignall9y@goodreads.com,Japan,Female,178.93.68.35
360,Reinhard,Kench,rkench9z@eventbrite.com,Brazil,Male,159.19.106.26
361,Seana,Sawle,ssawlea0@cam.ac.uk,Thailand,Female,196.92.34.230
362,Jim,Topes,jtopesa1@ehow.com,Russia,Male,11.186.198.34
363,Vivyanne,Astell,vastella2@mysql.com,Ukraine,Female,94.168.101.147
364,Bebe,McPaik,bmcpaika3@google.ru,Greece,Female,232.51.114.20
365,Ofilia,Fidele,ofidelea4@disqus.com,Poland,Female,83.231.135.253
366,Madella,Bulley,mbulleya5@google.ca,Afghanistan,Female,22.113.23.212
367,Redford,Ashton,rashtona6@si.edu,Brazil,Male,184.10.154.65
368,Erik,Cherry,echerrya7@nba.com,Brazil,Male,124.61.177.55
369,Nils,Roskam,nroskama8@bloglines.com,Yemen,Male,77.43.182.214
370,Branden,Hambrick,bhambricka9@umich.edu,Japan,Male,10.118.20.119
371,Adrianne,Chatenet,achatenetaa@reference.com,Bangladesh,Female,128.144.28.118
372,Pauly,Cisland,pcislandab@ox.ac.uk,Czech Republic,Male,169.194.160.252
373,Agnola,Bernardy,abernardyac@scientificamerican.com,Indonesia,Female,226.21.210.104
374,Lonnie,Gogin,lgoginad@mozilla.com,South Africa,Male,152.182.194.148
375,Dyna,Labat,dlabatae@cbsnews.com,Philippines,Female,59.198.225.127
376,Alair,Widdowes,awiddowesaf@cbslocal.com,Democratic Republic of the Congo,Male,69.58.17.104
377,Adey,Nazareth,anazarethag@cloudflare.com,Philippines,Female,240.95.21.10
378,Harley,Tivers,htiversah@yahoo.com,Croatia,Female,239.230.32.184
379,Hayden,Ettles,hettlesai@macromedia.com,China,Male,218.92.249.28
380,Marina,Bremen,mbremenaj@vistaprint.com,Colombia,Female,99.151.129.119
381,Eddy,Standbrook,estandbrookak@pen.io,Indonesia,Female,136.179.20.2
382,Francisca,Muress,fmuressal@jugem.jp,China,Female,247.112.81.141
383,Tirrell,Crowley,tcrowleyam@discovery.com,China,Male,35.97.26.9
384,Hobie,Coulthard,hcoulthardan@prweb.com,Thailand,Male,69.222.9.164
385,Jacklin,Callum,jcallumao@godaddy.com,Philippines,Female,100.188.0.25
386,Isabelita,Lummis,ilummisap@cbslocal.com,United States,Female,5.203.249.142
387,Kelley,Robke,krobkeaq@hud.gov,Philippines,Female,202.244.228.95
388,Meredith,Ghione,mghionear@ocn.ne.jp,Honduras,Male,111.39.230.36
389,Leslie,Milkeham,lmilkehamas@un.org,Poland,Male,233.239.210.238
390,Amalea,Eatherton,aeathertonat@ameblo.jp,Poland,Female,50.175.19.30
391,Tillie,Boxell,tboxellau@trellian.com,Sweden,Female,47.127.153.253
392,Kendra,Hoult,khoultav@twitter.com,Sweden,Female,231.68.64.117
393,Konstance,Allso,kallsoaw@deliciousdays.com,China,Female,11.124.211.172
394,Garth,Danell,gdanellax@ehow.com,Philippines,Male,129.0.210.209
395,Nancie,Stuckley,nstuckleyay@multiply.com,Armenia,Female,22.40.154.67
396,Georgetta,McGready,gmcgreadyaz@irs.gov,Colombia,Female,195.104.152.13
397,Ernestus,Cankett,ecankettb0@pcworld.com,Czech Republic,Male,167.2.55.239
398,Crin,Sherman,cshermanb1@xinhuanet.com,China,Female,134.245.116.251
399,Goldina,Dymock,gdymockb2@house.gov,China,Female,234.55.101.200
400,Fremont,Ferebee,fferebeeb3@ycombinator.com,Sweden,Male,125.18.89.114
401,Evin,Sisson,esissonb4@ezinearticles.com,Peru,Male,255.184.17.80
402,Ermin,Vauter,evauterb5@wordpress.com,Croatia,Male,91.224.94.143
403,Neysa,Davie,ndavieb6@businessweek.com,China,Female,145.70.31.101
404,Shaun,Phizackerly,sphizackerlyb7@biglobe.ne.jp,Mali,Male,6.213.235.135
405,Lizabeth,Silbert,lsilbertb8@linkedin.com,Greece,Female,198.23.208.81
406,Aube,Po,apob9@cafepress.com,Saint Kitts and Nevis,Male,86.136.22.107
407,Gilbert,Detloff,gdetloffba@homestead.com,Japan,Male,142.82.218.38
408,Alice,Tofanelli,atofanellibb@umich.edu,Georgia,Female,168.80.211.49
409,Noam,Becarra,nbecarrabc@admin.ch,France,Male,131.99.57.43
410,Glyn,Sidon,gsidonbd@cafepress.com,China,Female,48.198.130.145
411,Ikey,Burkett,iburkettbe@imdb.com,South Korea,Male,49.107.105.145
412,Abramo,Mountford,amountfordbf@phoca.cz,Greece,Male,85.24.84.193
413,Sena,Ratlee,sratleebg@latimes.com,Philippines,Female,6.169.134.109
414,Shurlocke,Macourek,smacourekbh@opensource.org,Russia,Male,207.85.113.177
415,Jodi,Christensen,jchristensenbi@biblegateway.com,Malaysia,Female,19.124.13.80
416,Richmond,Hawken,rhawkenbj@blogtalkradio.com,Philippines,Male,53.174.212.84
417,Elnar,Gansbuhler,egansbuhlerbk@vk.com,China,Male,48.252.190.149
418,Ami,Canby,acanbybl@google.co.uk,Malaysia,Female,219.75.58.240
419,Anastasia,Hotson,ahotsonbm@google.co.jp,France,Female,99.245.7.48
420,Chrysler,Trewett,ctrewettbn@bigcartel.com,Serbia,Female,12.178.87.23
421,Mano,Fullman,mfullmanbo@eventbrite.com,Colombia,Male,162.43.125.73
422,Caryl,Serrels,cserrelsbp@tuttocitta.it,Philippines,Female,57.120.129.14
423,Henryetta,Thomasset,hthomassetbq@ocn.ne.jp,Saudi Arabia,Female,9.79.183.141
424,Stevy,Penni,spennibr@tumblr.com,Portugal,Male,47.103.238.138
425,Reine,Plimmer,rplimmerbs@tinyurl.com,Finland,Female,85.196.203.241
426,Pedro,Beeble,pbeeblebt@stanford.edu,Philippines,Male,26.157.196.140
427,Hymie,Cowling,hcowlingbu@slideshare.net,Indonesia,Male,127.246.76.176
428,Jemie,Spere,jsperebv@hp.com,Gambia,Female,85.249.210.222
429,Konstantin,Stanway,kstanwaybw@nymag.com,Philippines,Male,131.231.73.103
430,Burtie,Duckitt,bduckittbx@walmart.com,Guatemala,Male,84.25.162.75
431,Marjy,Leyrroyd,mleyrroydby@auda.org.au,Kazakhstan,Female,84.53.91.125
432,Gasper,Havile,ghavilebz@google.de,Philippines,Male,121.83.72.158
433,Elbertine,Issett,eissettc0@photobucket.com,Japan,Female,69.54.115.206
434,Garry,Halso,ghalsoc1@comsenz.com,United States,Male,191.43.24.89
435,Haskel,Langstone,hlangstonec2@twitpic.com,Central African Republic,Male,225.233.162.136
436,Daron,Molnar,dmolnarc3@jalbum.net,Serbia,Female,218.133.125.7
437,Rhonda,Wardrope,rwardropec4@cmu.edu,Japan,Female,206.80.162.68
438,Jacklin,Morant,jmorantc5@ucoz.ru,Indonesia,Female,127.105.2.218
439,Clayborne,Methven,cmethvenc6@digg.com,Honduras,Male,180.82.215.255
440,Jaime,Scocroft,jscocroftc7@cornell.edu,China,Male,75.19.80.172
441,Naoma,Folonin,nfoloninc8@sourceforge.net,Sweden,Female,12.133.252.197
442,Merle,Manson,mmansonc9@samsung.com,Indonesia,Female,125.188.121.181
443,Barnabas,Pevie,bpevieca@privacy.gov.au,Venezuela,Male,247.166.174.52
444,Seymour,Ygou,sygoucb@linkedin.com,China,Male,161.78.122.30
445,Alfons,Antonignetti,aantonignetticc@latimes.com,Cuba,Male,179.1.154.179
446,Humbert,Rutt,hruttcd@wix.com,Nepal,Male,37.230.66.188
447,Mose,Tupie,mtupiece@stanford.edu,Indonesia,Male,129.159.128.2
448,Gill,Thumnel,gthumnelcf@theguardian.com,Sweden,Male,178.37.10.188
449,Carrol,Mordecai,cmordecaicg@naver.com,Indonesia,Male,15.81.245.20
450,Carlotta,Eyckel,ceyckelch@github.com,Indonesia,Female,159.169.76.226
451,Cecilius,Pughsley,cpughsleyci@indiatimes.com,United States,Male,227.55.183.242
452,Errol,Lehrmann,elehrmanncj@cmu.edu,China,Male,114.149.214.42
453,Reeva,Brazelton,rbrazeltonck@time.com,Yemen,Female,188.36.69.48
454,Jammal,Tellenbrok,jtellenbrokcl@hubpages.com,China,Male,125.136.65.183
455,Cobb,O'Gorman,cogormancm@msu.edu,Indonesia,Male,238.23.163.241
456,Izzy,Haggie,ihaggiecn@samsung.com,Poland,Male,98.185.107.13
457,Hector,Sanders,hsandersco@bravesites.com,Argentina,Male,86.151.82.24
458,Massimiliano,Mouland,mmoulandcp@cisco.com,Paraguay,Male,141.180.1.61
459,Dacy,Drepp,ddreppcq@cam.ac.uk,United States,Female,101.147.100.16
460,Bridgette,Dugan,bdugancr@sohu.com,Indonesia,Female,213.195.116.80
461,Ashlan,Wadworth,awadworthcs@ucoz.com,Indonesia,Female,9.1.179.15
462,Lloyd,Koppe,lkoppect@pen.io,Greece,Male,238.212.164.192
463,Sydney,Winney,swinneycu@cargocollective.com,China,Male,91.153.12.246
464,Susanetta,Solloway,ssollowaycv@networksolutions.com,Indonesia,Female,234.139.250.168
465,Gino,Gayle,ggaylecw@cdc.gov,Poland,Male,133.133.232.91
466,Christos,Kembry,ckembrycx@salon.com,China,Male,33.110.39.252
467,Abby,Hens,ahenscy@delicious.com,China,Male,175.111.250.156
468,Piotr,Fookes,pfookescz@facebook.com,Japan,Male,169.206.97.2
469,Bertha,Feldmark,bfeldmarkd0@google.com.hk,Afghanistan,Female,207.245.161.129
470,Pyotr,Bewley,pbewleyd1@europa.eu,Thailand,Male,139.186.208.190
471,Buffy,Cunio,bcuniod2@hp.com,China,Female,40.151.172.30
472,Danni,Jearum,djearumd3@opera.com,South Korea,Female,83.68.110.161
473,Beckie,Ianni,biannid4@flickr.com,Sweden,Female,88.0.165.162
474,Benedick,Bigglestone,bbigglestoned5@businessinsider.com,China,Male,101.159.111.86
475,Petrina,Hurt,phurtd6@netlog.com,Poland,Female,119.253.167.24
476,Ollie,Drackford,odrackfordd7@msu.edu,Poland,Female,98.140.51.174
477,Alec,Dyne,adyned8@statcounter.com,Brazil,Male,16.65.230.10
478,Sherye,Bolino,sbolinod9@who.int,Indonesia,Female,88.4.164.100
479,Darius,Bronot,dbronotda@cornell.edu,Philippines,Male,82.164.127.203
480,Rochester,Ughelli,rughellidb@cbc.ca,Indonesia,Male,213.13.65.197
481,Jacquelyn,Dunniom,jdunniomdc@amazon.co.jp,Mexico,Female,50.194.239.217
482,Paul,Shotboulte,pshotboultedd@cargocollective.com,China,Male,55.210.85.181
483,Adrien,Rheam,arheamde@wordpress.org,Portugal,Male,0.193.30.11
484,Marlene,Melross,mmelrossdf@ucoz.com,Uruguay,Female,137.123.16.250
485,Clo,Jarret,cjarretdg@soundcloud.com,Tajikistan,Female,127.217.68.13
486,Reade,Jindra,rjindradh@stumbleupon.com,Indonesia,Male,32.2.203.207
487,Emory,Gorring,egorringdi@vimeo.com,Ukraine,Male,120.128.23.175
488,Lilith,Mariyushkin,lmariyushkindj@newsvine.com,Brazil,Female,25.185.175.32
489,Morley,Samper,msamperdk@taobao.com,Philippines,Male,38.223.255.137
490,Alejandrina,Sawyer,asawyerdl@theatlantic.com,Philippines,Female,213.222.9.111
491,Bren,Chamley,bchamleydm@goo.gl,China,Male,96.96.154.101
492,Ronna,Ickovits,rickovitsdn@ft.com,Poland,Female,20.202.148.145
493,Delphine,Sage,dsagedo@reference.com,Portugal,Female,179.177.131.126
494,Maurizio,Danslow,mdanslowdp@loc.gov,Brazil,Male,162.226.212.7
495,Efrem,Ondrak,eondrakdq@mail.ru,San Marino,Male,237.149.81.71
496,Liana,Cabedo,lcabedodr@youku.com,Dominican Republic,Female,55.69.198.171
497,Milton,Fincher,mfincherds@myspace.com,Russia,Male,205.122.217.251
498,Pamela,Baitman,pbaitmandt@sfgate.com,Ireland,Female,199.63.122.117
499,Peria,Cresar,pcresardu@liveinternet.ru,China,Female,60.60.240.153
500,Emery,Thrush,ethrushdv@51.la,Russia,Male,238.125.157.34
501,Norris,Skule,nskuledw@netvibes.com,Costa Rica,Male,131.82.135.56
502,Yehudi,Bolingbroke,ybolingbrokedx@cyberchimps.com,Brazil,Male,101.254.182.53
503,Bond,Pampling,bpamplingdy@plala.or.jp,Kosovo,Male,95.104.12.193
504,Frederik,Blenkharn,fblenkharndz@shareasale.com,Latvia,Male,83.254.102.126
505,Sibley,Mullineux,smullineuxe0@patch.com,France,Female,81.216.236.170
506,Ludovika,Foster-Smith,lfostersmithe1@reference.com,Czech Republic,Female,75.160.222.97
507,Zonnya,Touhig,ztouhige2@ezinearticles.com,France,Female,110.32.69.113
508,Viv,Darville,vdarvillee3@vkontakte.ru,Iran,Female,162.236.73.115
509,Bendicty,Reaman,breamane4@skype.com,Portugal,Male,69.254.37.130
510,Jolynn,Orum,jorume5@imgur.com,Thailand,Female,101.94.103.195
511,Merry,Tunna,mtunnae6@miitbeian.gov.cn,China,Female,101.245.246.71
512,Wit,Beresfore,wberesforee7@youtube.com,Philippines,Male,209.95.251.248
513,Kippie,Litt,klitte8@toplist.cz,United States,Male,109.42.28.199
514,Suzie,Davioud,sdavioude9@acquirethisname.com,Philippines,Female,126.173.136.227
515,Eloisa,Gavan,egavanea@theguardian.com,Panama,Female,54.175.133.209
516,Alys,Bapty,abaptyeb@mayoclinic.com,Brazil,Female,230.22.213.153
517,Clare,Van,cvanec@wordpress.com,China,Male,22.100.210.135
518,Liam,Opy,lopyed@si.edu,Indonesia,Male,168.64.219.127
519,Eleanor,Fozard,efozardee@google.com.hk,China,Female,76.252.59.61
520,Bartlett,Lope,blopeef@sakura.ne.jp,Philippines,Male,186.251.138.119
521,Jerrine,Buxsy,jbuxsyeg@apple.com,France,Female,130.230.10.46
522,Olivier,Bagnal,obagnaleh@usa.gov,Philippines,Male,174.77.161.69
523,Ricki,McEnteggart,rmcenteggartei@sciencedaily.com,Russia,Female,140.67.94.43
524,Alexandr,Reek,areekej@seesaa.net,China,Male,193.107.249.204
525,Dmitri,Hymer,dhymerek@dion.ne.jp,Philippines,Male,37.111.137.198
526,Clayson,Moyers,cmoyersel@mit.edu,United States,Male,3.195.10.151
527,Jephthah,Dimmack,jdimmackem@ning.com,China,Male,84.231.22.146
528,Batholomew,MacCurlye,bmaccurlyeen@pinterest.com,Canada,Male,162.64.58.67
529,Melamie,Roset,mroseteo@cocolog-nifty.com,Iran,Female,220.19.210.173
530,Ramonda,Crosetto,rcrosettoep@php.net,China,Female,213.57.161.9
531,Bevan,Tookill,btookilleq@etsy.com,Cambodia,Male,13.16.204.92
532,Patten,Frill,pfriller@acquirethisname.com,Brazil,Male,17.35.153.185
533,Katherina,Cambden,kcambdenes@tmall.com,China,Female,205.73.135.151
534,Nessi,Nason,nnasonet@wiley.com,China,Female,98.22.45.210
535,Quint,Gilderoy,qgilderoyeu@amazon.de,Canada,Male,249.146.51.41
536,Salome,Sibbald,ssibbaldev@ibm.com,China,Female,221.146.60.65
537,Kelby,Yesinin,kyesininew@phoca.cz,China,Male,68.120.34.162
538,Sanford,Gretton,sgrettonex@webs.com,France,Male,64.249.252.122
539,Cord,Rooke,crookeey@privacy.gov.au,Poland,Male,142.21.175.91
540,Nichol,Tasseler,ntasselerez@huffingtonpost.com,Russia,Female,211.9.254.33
541,Yuri,Adcock,yadcockf0@ucsd.edu,China,Male,112.35.82.135
542,Leonidas,Whittle,lwhittlef1@nps.gov,Egypt,Male,144.3.170.22
543,Darill,Berridge,dberridgef2@bandcamp.com,United States,Male,234.183.214.86
544,Brewer,Ruslinge,bruslingef3@twitter.com,Brazil,Male,66.218.78.248
545,Gery,Donisi,gdonisif4@economist.com,Bolivia,Male,9.249.217.74
546,Conan,Scardefield,cscardefieldf5@exblog.jp,Philippines,Male,194.1.69.86
547,Evan,Moakson,emoaksonf6@nationalgeographic.com,Peru,Male,92.61.30.67
548,Kym,Floch,kflochf7@ihg.com,China,Female,108.51.34.195
549,Feodor,Waliszek,fwaliszekf8@arstechnica.com,Russia,Male,156.223.47.43
550,Kristyn,Mather,kmatherf9@lulu.com,Ethiopia,Female,11.156.204.204
551,Dulcea,Ruggiero,druggierofa@netlog.com,United States,Female,10.176.68.114
552,Vivien,Geaveny,vgeavenyfb@cargocollective.com,Latvia,Female,109.84.150.155
553,Ruddie,Stainsby,rstainsbyfc@hibu.com,China,Male,200.130.216.80
554,Aigneis,Demonge,ademongefd@bizjournals.com,China,Female,135.166.142.107
555,Damian,Bevar,dbevarfe@livejournal.com,Ethiopia,Male,193.27.193.226
556,Chrystel,Dundon,cdundonff@canalblog.com,Indonesia,Female,241.45.254.85
557,Brynne,Follitt,bfollittfg@example.com,China,Female,106.173.193.138
558,Mel,Tilzey,mtilzeyfh@pinterest.com,China,Female,11.82.168.111
559,Mickie,Botterell,mbotterellfi@ftc.gov,China,Female,107.24.177.241
560,Lexine,Nehls,lnehlsfj@infoseek.co.jp,Kazakhstan,Female,43.107.128.79
561,Marty,felip,mfelipfk@360.cn,China,Female,229.253.199.71
562,Yale,Brimelow,ybrimelowfl@timesonline.co.uk,Kazakhstan,Male,218.145.3.53
563,Sauveur,Cordelle,scordellefm@nydailynews.com,Japan,Male,25.118.199.206
564,Emeline,Kees,ekeesfn@slideshare.net,Indonesia,Female,186.37.188.173
565,Lind,Lafuente,llafuentefo@cocolog-nifty.com,Vietnam,Female,96.133.43.112
566,Marcellus,Makepeace,mmakepeacefp@sbwire.com,Latvia,Male,198.146.237.136
567,Patience,Knightly,pknightlyfq@biblegateway.com,Belarus,Female,220.163.140.155
568,Boigie,Labusquiere,blabusquierefr@nytimes.com,China,Male,131.160.94.140
569,Coriss,Lortzing,clortzingfs@cdbaby.com,China,Female,148.185.68.151
570,Finlay,Colborn,fcolbornft@accuweather.com,Brazil,Male,107.179.54.52
571,Beale,Urwin,burwinfu@plala.or.jp,Argentina,Male,148.46.0.83
572,Arvy,Feak,afeakfv@skype.com,Argentina,Male,46.10.240.215
573,Wildon,Richemont,wrichemontfw@ucla.edu,China,Male,64.231.182.225
574,Dominique,Vasichev,dvasichevfx@washingtonpost.com,Ireland,Female,60.50.30.102
575,Bryon,Binford,bbinfordfy@umich.edu,China,Male,170.234.209.68
576,Cinderella,Sandal,csandalfz@ebay.com,China,Female,252.231.128.138
577,Chip,Fyldes,cfyldesg0@globo.com,China,Male,166.8.101.80
578,Monica,Barnsdale,mbarnsdaleg1@army.mil,Mexico,Female,201.178.72.193
579,Dosi,Josilevich,djosilevichg2@senate.gov,Russia,Female,247.209.47.121
580,Clem,Cairns,ccairnsg3@mit.edu,France,Male,92.148.249.110
581,Eberhard,Benettini,ebenettinig4@yellowpages.com,France,Male,232.185.232.113
582,Lindy,Scrace,lscraceg5@cbslocal.com,Ethiopia,Female,225.151.111.55
583,Ricky,Fitton,rfittong6@ifeng.com,Haiti,Female,48.180.131.239
584,Mil,Quesne,mquesneg7@soundcloud.com,China,Female,172.52.184.244
585,James,Tomala,jtomalag8@mozilla.org,Venezuela,Male,77.239.208.157
586,Jedediah,Nore,jnoreg9@utexas.edu,Japan,Male,50.212.98.220
587,Friedrich,Kinnier,fkinnierga@dell.com,Denmark,Male,43.140.56.16
588,Gwen,Breckell,gbreckellgb@smh.com.au,Greece,Female,106.189.67.73
589,Aloisia,Zaniolo,azaniologc@blogtalkradio.com,Belarus,Female,69.117.207.135
590,Lenee,Poppleton,lpoppletongd@uol.com.br,China,Female,216.211.125.9
591,Sammie,Kelsey,skelseyge@state.tx.us,Canada,Male,92.217.113.180
592,Lay,Arboin,larboingf@spotify.com,Philippines,Male,163.56.233.89
593,Ode,Ponten,opontengg@hp.com,Indonesia,Male,216.5.30.143
594,Emmet,Beardsdale,ebeardsdalegh@squarespace.com,Taiwan,Male,239.190.91.75
595,Crosby,Tower,ctowergi@lycos.com,Indonesia,Male,18.151.243.27
596,Marmaduke,Leedes,mleedesgj@jimdo.com,China,Male,155.99.165.138
597,Early,Wrassell,ewrassellgk@mediafire.com,Portugal,Male,70.65.78.90
598,Conant,Hiseman,chisemangl@livejournal.com,Philippines,Male,227.57.237.133
599,Tudor,Varcoe,tvarcoegm@parallels.com,Maldives,Male,233.32.2.140
600,Albertine,Higbin,ahigbingn@wired.com,Poland,Female,17.152.185.170
601,Kile,Matzel,kmatzelgo@dailymail.co.uk,Uzbekistan,Male,142.33.4.228
602,Nichols,Manchester,nmanchestergp@sphinn.com,China,Male,87.111.137.83
603,Brit,Bradnam,bbradnamgq@cafepress.com,Nigeria,Female,182.126.135.28
604,Abba,Tolfrey,atolfreygr@smh.com.au,Philippines,Male,221.152.25.113
605,Webster,Rennocks,wrennocksgs@stanford.edu,Honduras,Male,119.249.26.199
606,Holly,Climpson,hclimpsongt@netvibes.com,Portugal,Female,165.120.199.138
607,Raine,Hacard,rhacardgu@netscape.com,Azerbaijan,Female,241.146.11.201
608,Shelley,Ivashov,sivashovgv@wisc.edu,Japan,Male,113.109.233.8
609,Ancell,Brickhill,abrickhillgw@is.gd,Venezuela,Male,39.109.213.132
610,Abagail,Rome,aromegx@plala.or.jp,Brazil,Female,243.155.143.135
611,Verla,Nabarro,vnabarrogy@sbwire.com,Malaysia,Female,139.180.226.56
612,Olivette,Kolak,okolakgz@hubpages.com,South Korea,Female,48.147.145.85
613,Allyson,Bim,abimh0@yahoo.com,Russia,Female,164.99.40.188
614,Emylee,Bontoft,ebontofth1@topsy.com,Bangladesh,Female,143.253.150.100
615,Nicolina,Vassman,nvassmanh2@dailymotion.com,China,Female,129.18.196.103
616,Cobby,Fist,cfisth3@samsung.com,United States,Male,37.104.106.131
617,Jennica,Hamp,jhamph4@msu.edu,Tanzania,Female,75.120.38.208
618,Giana,Durnin,gdurninh5@wunderground.com,Ivory Coast,Female,35.123.178.2
619,Annissa,Pinner,apinnerh6@ocn.ne.jp,Czech Republic,Female,226.12.77.129
620,Lind,Cano,lcanoh7@quantcast.com,Cuba,Female,70.15.41.212
621,Lolly,Panons,lpanonsh8@odnoklassniki.ru,China,Female,171.52.78.53
622,Jody,Embra,jembrah9@list-manage.com,Indonesia,Male,225.63.81.73
623,Cammy,Burrus,cburrusha@google.co.jp,Thailand,Male,161.6.37.121
624,Skippy,Ravenhill,sravenhillhb@tumblr.com,China,Male,60.130.249.135
625,Giselbert,Barreau,gbarreauhc@google.ca,Honduras,Male,248.230.12.185
626,Mitchell,Tunney,mtunneyhd@samsung.com,Poland,Male,39.29.144.243
627,Alyssa,Ord,aordhe@jimdo.com,Nigeria,Female,72.74.232.162
628,Belvia,Buzin,bbuzinhf@free.fr,Bulgaria,Female,241.103.254.96
629,Neill,Eames,neameshg@xrea.com,United States,Male,207.177.158.71
630,Laural,Cullinane,lcullinanehh@gnu.org,Madagascar,Female,149.38.216.160
631,Nadia,Mulqueeny,nmulqueenyhi@independent.co.uk,Brazil,Female,246.49.244.165
632,Julian,Impson,jimpsonhj@washington.edu,France,Male,125.117.80.193
633,Stevie,Claessens,sclaessenshk@bluehost.com,Mongolia,Male,182.162.223.59
634,Arlana,Almeida,aalmeidahl@free.fr,China,Female,101.45.184.216
635,Lawrence,Wiggans,lwigganshm@paginegialle.it,Russia,Male,63.183.152.64
636,Ingeborg,Beatens,ibeatenshn@hatena.ne.jp,Ukraine,Female,172.185.34.114
637,Devlin,Underdown,dunderdownho@soup.io,Turkmenistan,Male,133.188.237.48
638,Vivie,Schuck,vschuckhp@illinois.edu,France,Female,212.24.106.59
639,Garner,Hanks,ghankshq@elegantthemes.com,China,Male,55.83.144.139
640,Britney,Jeandeau,bjeandeauhr@utexas.edu,Pakistan,Female,47.165.130.105
641,Nikolaos,Clacey,nclaceyhs@vimeo.com,Czech Republic,Male,253.26.182.100
642,Ethan,Miell,emiellht@tmall.com,Serbia,Male,235.30.232.145
643,Gael,Fullick,gfullickhu@live.com,Madagascar,Male,142.128.75.137
644,Glyn,Bakhrushin,gbakhrushinhv@nsw.gov.au,Czech Republic,Male,110.244.236.169
645,Cello,Martinetto,cmartinettohw@etsy.com,Thailand,Male,192.223.77.155
646,Kiersten,Garratty,kgarrattyhx@cdc.gov,Philippines,Female,222.243.13.234
647,Shelley,Mepham,smephamhy@topsy.com,Russia,Female,10.62.194.207
648,Allie,Gradon,agradonhz@ocn.ne.jp,Poland,Female,97.31.136.132
649,Lara,Edgcombe,ledgcombei0@flavors.me,China,Female,159.64.224.0
650,Aryn,Manifould,amanifouldi1@harvard.edu,Guatemala,Female,254.55.138.157
651,Rinaldo,Liveley,rliveleyi2@a8.net,China,Male,116.65.63.217
652,Rosemarie,Hafner,rhafneri3@mediafire.com,Portugal,Female,132.72.62.194
653,Wilmar,Crackett,wcracketti4@blogtalkradio.com,Indonesia,Male,2.201.127.9
654,Mano,Rickword,mrickwordi5@amazonaws.com,Macedonia,Male,67.41.145.60
655,Carena,Cowmeadow,ccowmeadowi6@tripadvisor.com,China,Female,189.243.24.198
656,Elwin,Camies,ecamiesi7@vistaprint.com,China,Male,241.88.20.0
657,Roi,Millier,rmillieri8@bandcamp.com,Russia,Male,55.196.242.199
658,Ardelis,Avrahamoff,aavrahamoffi9@jugem.jp,China,Female,160.191.10.69
659,Killie,Guly,kgulyia@vimeo.com,Vietnam,Male,64.56.203.138
660,Giulio,Menier,gmenierib@amazon.com,Russia,Male,138.89.245.92
661,Shellysheldon,Peerless,speerlessic@privacy.gov.au,Russia,Male,52.122.113.63
662,Frederik,Grogona,fgrogonaid@amazonaws.com,China,Male,34.97.222.194
663,Debbie,Crudginton,dcrudgintonie@senate.gov,Indonesia,Female,181.0.181.213
664,Goddard,Brounfield,gbrounfieldif@earthlink.net,Thailand,Male,8.149.73.161
665,Faulkner,Weinberg,fweinbergig@goo.ne.jp,Peru,Male,26.93.161.64
666,Vin,Heimes,vheimesih@bloglovin.com,Kazakhstan,Female,233.209.204.8
667,Lyndy,Thomlinson,lthomlinsonii@state.tx.us,China,Female,131.45.92.9
668,Gilberto,Ditchburn,gditchburnij@blogspot.com,Colombia,Male,119.226.28.49
669,Belva,Whytock,bwhytockik@nyu.edu,Philippines,Female,226.48.147.213
670,Rosaline,Taggart,rtaggartil@aol.com,China,Female,136.191.46.143
671,Danita,Kennifeck,dkennifeckim@stanford.edu,South Korea,Female,204.218.204.216
672,Nanni,Klebes,nklebesin@columbia.edu,China,Female,226.110.134.86
673,Analise,Wort,awortio@sohu.com,Brazil,Female,74.56.130.119
674,Ira,Orcas,iorcasip@mail.ru,China,Female,140.211.230.172
675,Dennis,Coo,dcooiq@mozilla.org,Kazakhstan,Male,154.101.254.129
676,Alan,Spolton,aspoltonir@ted.com,China,Male,173.111.58.233
677,Stanly,Heditch,sheditchis@theglobeandmail.com,Greece,Male,198.136.92.113
678,Samaria,Adrain,sadrainit@google.pl,Russia,Female,45.186.135.214
679,Nicol,Asker,naskeriu@wired.com,Mexico,Male,59.245.120.157
680,Travers,Dawltrey,tdawltreyiv@diigo.com,Thailand,Male,17.50.228.160
681,Torre,Gavaran,tgavaraniw@hao123.com,Philippines,Male,247.211.182.32
682,Clarke,Longfoot,clongfootix@yolasite.com,Iran,Male,149.59.250.128
683,Alasteir,Galbreth,agalbrethiy@latimes.com,Tanzania,Male,3.223.30.128
684,Ysabel,Mulryan,ymulryaniz@example.com,Nigeria,Female,131.116.145.252
685,Orelle,Simenon,osimenonj0@narod.ru,Indonesia,Female,190.249.151.150
686,Chevy,Howett,chowettj1@bing.com,Indonesia,Male,228.165.68.254
687,Zaccaria,Malcolm,zmalcolmj2@drupal.org,Kiribati,Male,237.249.18.65
688,Boote,Ownsworth,bownsworthj3@ezinearticles.com,Ukraine,Male,137.78.159.72
689,Donnie,Thiese,dthiesej4@i2i.jp,Ukraine,Female,235.204.129.62
690,Bryon,Pesek,bpesekj5@amazon.co.jp,Serbia,Male,193.96.153.193
691,Redford,Fearneley,rfearneleyj6@opensource.org,China,Male,168.16.202.47
692,Tibold,Louis,tlouisj7@thetimes.co.uk,Philippines,Male,90.234.187.196
693,Rosco,Innerstone,rinnerstonej8@blogs.com,Vietnam,Male,119.4.21.147
694,Manny,MacElholm,mmacelholmj9@sfgate.com,Poland,Male,88.62.148.93
695,Darell,Crehan,dcrehanja@opera.com,Panama,Female,245.130.213.5
696,Stefa,Kennifick,skennifickjb@ucoz.ru,Argentina,Female,70.63.202.242
697,Georas,Cutajar,gcutajarjc@mtv.com,Russia,Male,134.69.119.99
698,Randy,Down,rdownjd@thetimes.co.uk,Russia,Male,145.138.244.253
699,Melonie,Willard,mwillardje@ca.gov,Tanzania,Female,20.114.245.152
700,Milicent,Arpur,marpurjf@google.com.au,Philippines,Female,219.101.158.120
701,Shalna,Tasseler,stasselerjg@webmd.com,Poland,Female,164.74.228.179
702,Kaye,Parmer,kparmerjh@admin.ch,Russia,Female,20.178.214.166
703,Marisa,Winston,mwinstonji@123-reg.co.uk,Philippines,Female,60.164.185.149
704,Maud,Learmonth,mlearmonthjj@networkadvertising.org,Malaysia,Female,126.155.71.48
705,Chev,Pitcher,cpitcherjk@behance.net,Russia,Male,90.186.224.242
706,Wood,Henrot,whenrotjl@oakley.com,China,Male,53.187.46.104
707,Shannan,Camellini,scamellinijm@techcrunch.com,Philippines,Male,227.124.213.172
708,Andriana,Woolford,awoolfordjn@skype.com,China,Female,110.148.121.145
709,Cissiee,Bowmen,cbowmenjo@webnode.com,Russia,Female,11.223.56.236
710,Gretna,Jillett,gjillettjp@imageshack.us,Russia,Female,228.208.86.221
711,Irita,Shrieve,ishrievejq@yellowpages.com,Indonesia,Female,24.88.107.45
712,Rebecca,Balharry,rbalharryjr@t.co,China,Female,118.228.16.211
713,Cort,Lisamore,clisamorejs@nationalgeographic.com,China,Male,4.165.45.26
714,Vera,Kenwell,vkenwelljt@ted.com,Indonesia,Female,174.152.168.79
715,Coop,Knuckles,cknucklesju@cargocollective.com,Angola,Male,71.39.155.165
716,Ginelle,Tregale,gtregalejv@live.com,Philippines,Female,172.131.167.161
717,Everard,O' Mullan,eomullanjw@last.fm,China,Male,15.247.74.173
718,Sigismundo,Casement,scasementjx@tiny.cc,Portugal,Male,121.219.230.162
719,Zechariah,Winckworth,zwinckworthjy@who.int,Russia,Male,12.133.173.102
720,Mirabel,Tine,mtinejz@ow.ly,Russia,Female,144.179.50.148
721,Daniella,Tithecott,dtithecottk0@marriott.com,Greece,Female,233.205.157.177
722,Sheeree,Langley,slangleyk1@elpais.com,Indonesia,Female,151.199.57.83
723,Hamlin,Creedland,hcreedlandk2@twitter.com,France,Male,242.45.135.229
724,Daryl,Doe,ddoek3@dropbox.com,Russia,Male,203.16.101.252
725,Melissa,Baggiani,mbaggianik4@hugedomains.com,China,Female,5.184.245.24
726,Kalina,Yeowell,kyeowellk5@friendfeed.com,Philippines,Female,102.12.137.195
727,Candida,Beaufoy,cbeaufoyk6@wunderground.com,China,Female,69.243.109.175
728,Cristin,Burg,cburgk7@taobao.com,Peru,Female,210.102.33.194
729,Ilene,Beverage,ibeveragek8@tumblr.com,Russia,Female,42.236.222.19
730,Barthel,Gordge,bgordgek9@ibm.com,Chile,Male,200.80.199.85
731,Hart,Lucchi,hlucchika@ezinearticles.com,China,Male,73.150.15.36
732,Alene,Coulthart,acoulthartkb@smugmug.com,China,Female,197.23.115.180
733,Rivi,Beale,rbealekc@imdb.com,Paraguay,Female,146.151.67.87
734,Prudence,Yeend,pyeendkd@sina.com.cn,China,Female,243.81.77.7
735,Hercules,Baldocci,hbaldoccike@newyorker.com,South Africa,Male,121.46.184.251
736,Inga,Kitching,ikitchingkf@bluehost.com,Saudi Arabia,Female,29.101.91.58
737,Lynnelle,Dennert,ldennertkg@shareasale.com,China,Female,65.246.215.220
738,Alick,Davidovici,adavidovicikh@t-online.de,Tanzania,Male,239.71.17.17
739,Deena,Goodyer,dgoodyerki@irs.gov,Afghanistan,Female,193.54.80.189
740,Korey,Chidzoy,kchidzoykj@networkadvertising.org,China,Male,57.108.174.193
741,Sadella,Wetter,swetterkk@bravesites.com,Indonesia,Female,216.191.103.165
742,Muriel,Cana,mcanakl@ihg.com,Ukraine,Female,134.107.22.168
743,Zonda,Penley,zpenleykm@paypal.com,Portugal,Female,136.62.198.71
744,Cathyleen,Loughead,clougheadkn@phoca.cz,Poland,Female,137.227.8.209
745,Flss,Arstingall,farstingallko@symantec.com,Indonesia,Female,139.114.43.126
746,Wolf,Paszek,wpaszekkp@chicagotribune.com,Colombia,Male,182.228.30.147
747,Benedetto,Mathewes,bmatheweskq@icq.com,United States,Male,150.0.36.236
748,Brook,Foulkes,bfoulkeskr@jigsy.com,China,Female,12.181.36.112
749,Allyn,Fatscher,afatscherks@list-manage.com,Netherlands,Female,241.138.92.196
750,Hamish,Blamey,hblameykt@apache.org,Egypt,Male,159.101.185.16
751,Willy,Devlin,wdevlinku@google.com.hk,Chile,Male,108.60.186.120
752,Berty,Blowne,bblownekv@arstechnica.com,Russia,Female,49.188.179.163
753,Zebulon,Notton,znottonkw@skyrock.com,China,Male,243.37.65.217
754,Nicko,Wehnerr,nwehnerrkx@networksolutions.com,Botswana,Male,66.122.106.210
755,Gaylene,Murthwaite,gmurthwaiteky@theatlantic.com,Russia,Female,120.183.38.57
756,Jesse,Bisacre,jbisacrekz@booking.com,Poland,Male,237.75.193.100
757,Ruprecht,Kenyon,rkenyonl0@usa.gov,Brazil,Male,107.234.41.179
758,Therine,Tanti,ttantil1@hao123.com,Russia,Female,248.49.144.49
759,Ivory,Kwietek,ikwietekl2@dell.com,China,Female,47.164.112.141
760,Esmaria,Alman,ealmanl3@arstechnica.com,China,Female,105.239.90.100
761,Reinaldos,Horsburgh,rhorsburghl4@ehow.com,Costa Rica,Male,127.138.43.87
762,Temple,Romand,tromandl5@stanford.edu,Palestinian Territory,Male,187.9.114.66
763,Edwina,Le Blanc,eleblancl6@boston.com,Pakistan,Female,20.219.39.136
764,Mareah,Myford,mmyfordl7@nba.com,China,Female,121.186.235.255
765,Malorie,Vauter,mvauterl8@tripod.com,China,Female,88.12.16.148
766,Lisbeth,Donativo,ldonativol9@sciencedirect.com,Mexico,Female,230.167.195.82
767,Decca,Duffet,dduffetla@ning.com,Indonesia,Male,184.5.218.68
768,Chrissie,Brelsford,cbrelsfordlb@boston.com,Indonesia,Male,225.197.47.5
769,Elly,Castagneri,ecastagnerilc@opensource.org,Iran,Female,97.110.117.37
770,Joly,Hatchman,jhatchmanld@scientificamerican.com,Brazil,Female,254.210.182.69
771,Davis,Goudge,dgoudgele@fema.gov,China,Male,138.115.103.199
772,Leonid,Meth,lmethlf@cloudflare.com,Peru,Male,125.180.79.77
773,Margaux,Pellatt,mpellattlg@issuu.com,Malaysia,Female,75.29.84.26
774,Margarita,Kliment,mklimentlh@nyu.edu,Venezuela,Female,163.112.98.141
775,Ignace,Chesterton,ichestertonli@ihg.com,Pakistan,Male,18.239.157.38
776,Janna,Lyne,jlynelj@4shared.com,Kenya,Female,16.235.214.115
777,Ailey,Butson,abutsonlk@sciencedaily.com,Indonesia,Female,70.255.127.8
778,Whit,Eytel,weytelll@exblog.jp,Ukraine,Male,38.24.93.75
779,Malachi,Mechic,mmechiclm@ocn.ne.jp,Ukraine,Male,212.236.202.98
780,Bowie,Hindes,bhindesln@storify.com,Portugal,Male,176.200.253.94
781,Tansy,Guest,tguestlo@paypal.com,Jordan,Female,42.176.196.134
782,Erin,Denty,edentylp@yandex.ru,Poland,Female,34.12.211.114
783,Lib,Poznan,lpoznanlq@xinhuanet.com,Czech Republic,Female,89.158.46.29
784,Rozelle,Sigert,rsigertlr@sohu.com,Russia,Female,246.245.121.160
785,Aurelie,Woolatt,awoolattls@blogtalkradio.com,Cameroon,Female,135.69.117.40
786,Letta,Morriarty,lmorriartylt@uol.com.br,Philippines,Female,56.142.75.21
787,Dav,Langridge,dlangridgelu@godaddy.com,Indonesia,Male,117.172.247.41
788,Delaney,Lynes,dlyneslv@ucla.edu,China,Male,220.206.181.99
789,Corny,Hemerijk,chemerijklw@bloglovin.com,Indonesia,Male,193.146.2.31
790,Dorothea,Moncaster,dmoncasterlx@barnesandnoble.com,Sweden,Female,30.31.84.215
791,Devin,Perrinchief,dperrinchiefly@nbcnews.com,Poland,Female,122.245.101.82
792,Lura,Aers,laerslz@dedecms.com,Ireland,Female,43.200.125.40
793,Wenona,Guiet,wguietm0@bing.com,China,Female,44.142.98.155
794,Gregorius,Blackney,gblackneym1@shinystat.com,Palestinian Territory,Male,186.84.127.221
795,Niel,Postance,npostancem2@wikia.com,United States,Male,153.157.38.60
796,Paulie,Ahrendsen,pahrendsenm3@usnews.com,Colombia,Female,43.55.162.89
797,Antony,Brahm,abrahmm4@tmall.com,China,Male,121.126.30.113
798,Sarina,Hammarberg,shammarbergm5@toplist.cz,Philippines,Female,83.98.138.73
799,Tandy,Strettell,tstrettellm6@loc.gov,France,Female,234.218.24.190
800,Dinny,Zamorano,dzamoranom7@barnesandnoble.com,Indonesia,Female,22.130.68.242
801,Coreen,Hutt,chuttm8@china.com.cn,Pakistan,Female,64.110.121.4
802,Darrin,Collcott,dcollcottm9@ow.ly,France,Male,214.77.220.180
803,Randi,Beynkn,rbeynknma@scientificamerican.com,China,Male,27.81.77.233
804,Talbot,Lavis,tlavismb@pagesperso-orange.fr,Indonesia,Male,160.152.20.72
805,Reyna,Dochon,rdochonmc@nationalgeographic.com,China,Female,142.237.251.145
806,Haleigh,Evequot,hevequotmd@prweb.com,Mexico,Female,186.88.221.238
807,Joanie,Gallaccio,jgallacciome@java.com,Brazil,Female,98.39.131.58
808,Theadora,Wombwell,twombwellmf@netlog.com,China,Female,111.133.38.148
809,Luce,Eick,leickmg@shop-pro.jp,Portugal,Male,201.201.160.92
810,Sibeal,Gieves,sgievesmh@feedburner.com,Armenia,Female,224.133.205.149
811,Ernesta,Ryson,erysonmi@nymag.com,China,Female,124.175.224.158
812,Ebba,Craze,ecrazemj@tinypic.com,Japan,Female,40.248.62.31
813,Caty,Cecchi,ccecchimk@imdb.com,Vietnam,Female,130.18.184.223
814,Siusan,Sheran,ssheranml@wordpress.com,China,Female,86.75.91.96
815,Robbert,Braley,rbraleymm@ucsd.edu,Nigeria,Male,2.235.182.66
816,Madelaine,Worters,mwortersmn@timesonline.co.uk,China,Female,26.235.105.220
817,Livvyy,Manoelli,lmanoellimo@elpais.com,Brazil,Female,114.69.117.73
818,Winona,Gange,wgangemp@alibaba.com,China,Female,97.95.103.87
819,Maudie,Gullis,mgullismq@paginegialle.it,Cuba,Female,93.90.77.11
820,Maren,Ashby,mashbymr@home.pl,Indonesia,Female,61.171.167.140
821,Margaret,Gianolo,mgianoloms@t.co,China,Female,252.133.228.150
822,Marco,Tute,mtutemt@nymag.com,Sweden,Male,79.253.154.134
823,Jade,Moreinis,jmoreinismu@clickbank.net,Peru,Female,146.250.34.231
824,Gram,Corsan,gcorsanmv@jiathis.com,China,Male,102.7.58.254
825,Corabel,Solomon,csolomonmw@soundcloud.com,Indonesia,Female,139.226.194.234
826,Lizzie,Duncan,lduncanmx@nps.gov,Indonesia,Female,135.167.126.220
827,Lainey,Paal,lpaalmy@washingtonpost.com,China,Female,101.113.208.134
828,Jamill,McKimm,jmckimmmz@howstuffworks.com,North Korea,Male,10.82.156.151
829,Garvin,Ruste,grusten0@oracle.com,China,Male,81.18.2.10
830,Quinn,Dunham,qdunhamn1@123-reg.co.uk,Colombia,Male,16.187.168.43
831,Sileas,Vinton,svintonn2@accuweather.com,Indonesia,Female,242.38.190.130
832,Renault,Atherton,rathertonn3@drupal.org,Philippines,Male,18.155.41.239
833,Alberto,Kinahan,akinahann4@skype.com,Mali,Male,23.73.192.53
834,Erl,Perrins,eperrinsn5@i2i.jp,Russia,Male,253.120.253.145
835,Melva,Lamasna,mlamasnan6@w3.org,Canada,Female,135.111.49.221
836,Marvin,Slocom,mslocomn7@cnbc.com,Portugal,Male,199.83.122.179
837,Eduardo,Fenwick,efenwickn8@senate.gov,Indonesia,Male,31.137.17.137
838,Leroi,Dobbings,ldobbingsn9@hc360.com,Russia,Male,45.25.3.116
839,Prescott,Pickersail,ppickersailna@imageshack.us,Philippines,Male,199.167.55.172
840,Myrle,Chestney,mchestneynb@latimes.com,Sweden,Female,4.134.161.105
841,Vassili,Newsome,vnewsomenc@europa.eu,China,Male,35.173.224.153
842,Wiatt,Danat,wdanatnd@reference.com,Bosnia and Herzegovina,Male,105.126.4.138
843,Francklyn,Markushkin,fmarkushkinne@squarespace.com,China,Male,146.20.18.122
844,Tobias,Byford,tbyfordnf@wunderground.com,Costa Rica,Male,47.148.94.52
845,Aretha,MacShirrie,amacshirrieng@oaic.gov.au,Indonesia,Female,254.49.62.203
846,Reese,Backhouse,rbackhousenh@drupal.org,China,Male,91.21.72.57
847,Jacquetta,Philpin,jphilpinni@jiathis.com,China,Female,10.223.130.30
848,Sybille,Frohock,sfrohocknj@patch.com,Ireland,Female,169.96.161.187
849,Dasie,Rosenschein,drosenscheinnk@soundcloud.com,Indonesia,Female,119.30.92.79
850,Linus,Goodwill,lgoodwillnl@edublogs.org,China,Male,28.197.231.50
851,Tedra,Bourcq,tbourcqnm@cmu.edu,Brazil,Female,125.175.175.143
852,Hadrian,Pratt,hprattnn@reuters.com,China,Male,116.163.151.113
853,Jaquenette,Battell,jbattellno@netlog.com,Aland Islands,Female,202.173.91.71
854,Elden,Petruszka,epetruszkanp@webmd.com,Vietnam,Male,173.14.17.255
855,Vanda,Champneys,vchampneysnq@walmart.com,Portugal,Female,165.200.94.251
856,Ardys,Bloyes,abloyesnr@timesonline.co.uk,China,Female,65.99.84.135
857,Jody,Faircliff,jfaircliffns@seattletimes.com,Syria,Male,80.161.192.233
858,Hy,Battaille,hbattaillent@canalblog.com,Sweden,Male,100.237.131.6
859,Yolanthe,Rockliffe,yrockliffenu@drupal.org,China,Female,146.176.252.171
860,Maiga,Hudleston,mhudlestonnv@bbb.org,Japan,Female,130.236.128.175
861,Rebeka,Clapp,rclappnw@merriam-webster.com,China,Female,92.50.203.15
862,Ethan,Smithe,esmithenx@unesco.org,Greece,Male,213.252.253.189
863,Sandye,Swiffin,sswiffinny@goodreads.com,Russia,Female,122.223.239.20
864,Wynnie,Shorbrook,wshorbrooknz@feedburner.com,Chile,Female,137.54.125.211
865,Julie,Oldall,joldallo0@cbc.ca,Indonesia,Female,68.199.86.149
866,Cosmo,Huzzay,chuzzayo1@deliciousdays.com,Central African Republic,Male,229.195.220.219
867,Julee,Millan,jmillano2@cornell.edu,Nicaragua,Female,128.175.119.122
868,Jerome,Bidmead,jbidmeado3@apple.com,Ukraine,Male,9.245.104.3
869,Tully,Fuzzey,tfuzzeyo4@army.mil,Indonesia,Male,193.118.232.58
870,Amber,Feaveer,afeaveero5@webeden.co.uk,Malta,Female,214.102.137.22
871,Milo,Acuna,macunao6@npr.org,Armenia,Male,225.138.42.187
872,Garret,Cuttler,gcuttlero7@forbes.com,Philippines,Male,233.207.44.242
873,Crichton,Coldridge,ccoldridgeo8@weibo.com,China,Male,229.10.18.117
874,Silvano,Schaumaker,sschaumakero9@bluehost.com,Botswana,Male,135.236.121.161
875,Bruno,Grindell,bgrindelloa@google.de,Poland,Male,189.33.163.48
876,Berkly,Paffitt,bpaffittob@comcast.net,Portugal,Male,22.13.143.97
877,Ula,Edwin,uedwinoc@people.com.cn,Madagascar,Female,40.158.130.178
878,West,Agnew,wagnewod@si.edu,Lithuania,Male,244.177.91.224
879,Ximenez,Tranter,xtranteroe@independent.co.uk,Portugal,Male,144.21.25.217
880,Gonzales,Rosas,grosasof@thetimes.co.uk,Aland Islands,Male,182.35.28.208
881,Romain,Basindale,rbasindaleog@ft.com,China,Male,1.178.137.132
882,Rollo,Duckhouse,rduckhouseoh@stumbleupon.com,United States,Male,107.224.79.48
883,Yorgos,Renneke,yrennekeoi@cnbc.com,China,Male,65.244.214.78
884,Jorge,Chelley,jchelleyoj@ihg.com,Italy,Male,169.161.203.232
885,Teddi,Rubenfeld,trubenfeldok@mashable.com,Albania,Female,58.162.147.49
886,Leroy,Cotherill,lcotherillol@mayoclinic.com,China,Male,87.250.239.22
887,Trude,McCrachen,tmccrachenom@liveinternet.ru,Philippines,Female,248.116.79.188
888,Cory,Boog,cboogon@feedburner.com,South Korea,Female,191.22.62.37
889,Tyne,Marchment,tmarchmentoo@ezinearticles.com,Haiti,Female,141.241.218.229
890,Lita,Coo,lcooop@mashable.com,Argentina,Female,149.237.123.223
891,Dominic,Lawly,dlawlyoq@histats.com,France,Male,192.196.63.59
892,Hanan,Witherow,hwitherowor@mozilla.org,France,Male,38.14.214.145
893,Barr,Cleeve,bcleeveos@reverbnation.com,China,Male,217.214.89.74
894,Demeter,Goring,dgoringot@jimdo.com,Vietnam,Female,119.145.160.228
895,Xever,Whitwham,xwhitwhamou@rambler.ru,Poland,Male,169.129.70.132
896,Lamond,Skillman,lskillmanov@rambler.ru,Russia,Male,40.234.210.189
897,Aylmar,Lamping,alampingow@yellowpages.com,China,Male,202.121.141.199
898,Abby,Badrick,abadrickox@dedecms.com,Burkina Faso,Male,203.17.207.164
899,Davis,Wawer,dwaweroy@google.es,Colombia,Male,160.150.58.172
900,Julianna,Malek,jmalekoz@army.mil,China,Female,23.95.157.96
901,Coletta,Wyper,cwyperp0@jalbum.net,China,Female,139.34.180.31
902,Alexei,Egglestone,aegglestonep1@yellowpages.com,Albania,Male,52.112.2.0
903,Ingelbert,Dowe,idowep2@forbes.com,Philippines,Male,85.124.51.225
904,Cally,Thackston,cthackstonp3@google.com.au,Madagascar,Female,25.101.66.197
905,Rivy,Stoate,rstoatep4@lycos.com,Indonesia,Female,187.253.245.85
906,Elmer,Elliston,eellistonp5@webeden.co.uk,Russia,Male,90.241.61.27
907,Leonidas,Beacroft,lbeacroftp6@amazon.co.uk,China,Male,115.226.205.179
908,Sharla,Bumpas,sbumpasp7@prlog.org,France,Female,28.71.75.66
909,Sylvester,Lokier,slokierp8@geocities.jp,Iran,Male,60.17.234.28
910,Claiborne,Tomney,ctomneyp9@prlog.org,Russia,Male,7.37.190.202
911,Tymon,Kettlestring,tkettlestringpa@nhs.uk,Portugal,Male,93.30.156.25
912,Sylvester,Covolini,scovolinipb@buzzfeed.com,Sweden,Male,34.148.159.28
913,Hillie,Parks,hparkspc@networksolutions.com,Slovenia,Male,73.14.150.243
914,Maegan,Cunniffe,mcunniffepd@businesswire.com,Iran,Female,218.137.144.241
915,Erich,Earles,eearlespe@booking.com,Indonesia,Male,85.193.128.38
916,Holly,Bradnam,hbradnampf@de.vu,Poland,Male,166.22.127.156
917,Masha,Twinn,mtwinnpg@yahoo.com,Peru,Female,171.193.181.94
918,Lauren,Treffrey,ltreffreyph@indiatimes.com,South Korea,Female,55.180.71.93
919,Sonny,Collum,scollumpi@amazon.com,Portugal,Male,165.95.179.228
920,Christy,Cayley,ccayleypj@webs.com,China,Male,67.24.23.245
921,Dimitri,Librey,dlibreypk@e-recht24.de,China,Male,225.149.74.173
922,Doy,Hospital,dhospitalpl@parallels.com,Peru,Male,38.203.140.212
923,Elbertina,Esby,eesbypm@hud.gov,France,Female,213.99.249.6
924,Morry,Wakeford,mwakefordpn@eventbrite.com,Spain,Male,88.232.132.36
925,Clary,Greatbach,cgreatbachpo@xing.com,Ukraine,Female,244.114.218.4
926,Marlo,Gossan,mgossanpp@dagondesign.com,China,Female,167.76.243.248
927,Scotty,Lindstrom,slindstrompq@1und1.de,Slovenia,Male,245.38.153.16
928,Carie,Bushnell,cbushnellpr@un.org,Ukraine,Female,223.177.191.116
929,Netty,Boas,nboasps@livejournal.com,China,Female,42.226.76.53
930,Janeen,McTurley,jmcturleypt@barnesandnoble.com,Argentina,Female,197.132.12.15
931,Horatio,Mordanti,hmordantipu@jalbum.net,Philippines,Male,75.106.125.22
932,Carrissa,Behrens,cbehrenspv@miibeian.gov.cn,China,Female,37.212.186.192
933,Janean,Paulisch,jpaulischpw@deliciousdays.com,Russia,Female,60.53.195.136
934,Ulick,Full,ufullpx@ask.com,Vietnam,Male,102.13.107.36
935,Colene,Iacoviello,ciacoviellopy@vimeo.com,Chile,Female,221.64.102.42
936,Boonie,Brettel,bbrettelpz@comsenz.com,Finland,Male,107.8.129.246
937,Laurette,Sumbler,lsumblerq0@bing.com,China,Female,227.212.123.204
938,Caleb,Muckloe,cmuckloeq1@simplemachines.org,Philippines,Male,13.72.57.171
939,Channa,Grannell,cgrannellq2@nationalgeographic.com,Russia,Female,110.167.7.191
940,Grannie,Feavers,gfeaversq3@histats.com,United States,Male,63.91.43.0
941,Maud,Yakhin,myakhinq4@mit.edu,Cuba,Female,9.148.62.202
942,Lark,Oxteby,loxtebyq5@elpais.com,Guatemala,Female,144.160.0.192
943,Roshelle,Bleythin,rbleythinq6@ifeng.com,China,Female,242.70.73.67
944,Giorgia,Grummitt,ggrummittq7@arizona.edu,Finland,Female,16.59.231.160
945,Jerrie,Rusted,jrustedq8@china.com.cn,Japan,Male,171.150.212.74
946,Theodoric,Cheesman,tcheesmanq9@php.net,Indonesia,Male,61.253.246.162
947,Kelcie,Keoghane,kkeoghaneqa@angelfire.com,Kuwait,Female,244.61.127.186
948,Charlena,Dunnion,cdunnionqb@scribd.com,Iran,Female,99.234.114.13
949,Peria,Lantoph,plantophqc@samsung.com,Philippines,Female,49.165.87.119
950,Carlye,Lidgard,clidgardqd@xinhuanet.com,China,Female,183.191.39.57
951,Lyndsie,Lillyman,llillymanqe@unicef.org,Portugal,Female,147.176.50.48
952,Lucian,Ballentime,lballentimeqf@nbcnews.com,Spain,Male,181.207.7.129
953,Jefferey,Gutowski,jgutowskiqg@bizjournals.com,China,Male,16.76.141.161
954,Heida,Nordass,hnordassqh@mlb.com,Sweden,Female,151.231.106.237
955,Bartolomeo,Jessett,bjessettqi@mapy.cz,Peru,Male,189.246.209.109
956,Ernesta,Savaage,esavaageqj@vinaora.com,Ukraine,Female,171.196.149.1
957,Launce,Caldeiro,lcaldeiroqk@photobucket.com,Thailand,Male,248.137.227.203
958,Barrie,Lunbech,blunbechql@admin.ch,Indonesia,Female,93.157.87.101
959,Cordelie,Orchard,corchardqm@usgs.gov,Nigeria,Female,52.160.3.105
960,Torry,Olland,tollandqn@twitpic.com,China,Male,175.149.113.52
961,Noel,Hayers,nhayersqo@elpais.com,China,Male,1.180.244.94
962,Kippy,Duplock,kduplockqp@nbcnews.com,China,Female,13.164.67.64
963,Jdavie,Bernholt,jbernholtqq@amazon.co.uk,Indonesia,Male,146.193.123.197
964,Dominique,Tollet,dtolletqr@ovh.net,Indonesia,Female,50.38.39.152
965,Casper,Iffland,cifflandqs@github.com,France,Male,225.203.50.76
966,Evy,Week,eweekqt@msu.edu,Tanzania,Female,176.149.181.232
967,Wallache,Kobelt,wkobeltqu@tinypic.com,Western Sahara,Male,255.139.126.113
968,Aveline,Headech,aheadechqv@shutterfly.com,China,Female,17.83.160.243
969,Clarey,Domenget,cdomengetqw@statcounter.com,China,Female,227.195.9.254
970,Tobe,Bogace,tbogaceqx@nba.com,Vietnam,Male,129.56.223.52
971,Leone,Ferebee,lferebeeqy@mapquest.com,China,Female,145.19.50.245
972,Albrecht,Umbert,aumbertqz@reddit.com,Venezuela,Male,168.230.185.24
973,Christal,Lohden,clohdenr0@arstechnica.com,China,Female,14.201.90.47
974,Ezra,Ruegg,erueggr1@flavors.me,Philippines,Male,40.37.62.205
975,Juana,Kornousek,jkornousekr2@xrea.com,China,Female,249.84.60.91
976,Ashil,Hethron,ahethronr3@upenn.edu,China,Female,183.150.137.125
977,Easter,Grindlay,egrindlayr4@over-blog.com,Tunisia,Female,61.233.46.156
978,Guillermo,Longbone,glongboner5@weibo.com,Poland,Male,64.138.94.14
979,Lucinda,Jarmain,ljarmainr6@i2i.jp,Italy,Female,205.159.18.89
980,Shay,Withams,swithamsr7@joomla.org,China,Male,46.26.122.22
981,Tremayne,Paddell,tpaddellr8@cyberchimps.com,Philippines,Male,72.130.136.65
982,Mollee,Rubin,mrubinr9@cnn.com,Poland,Female,128.196.209.214
983,Isis,Cosgrave,icosgravera@instagram.com,Philippines,Female,3.230.5.68
984,Ibbie,Scourge,iscourgerb@reddit.com,Indonesia,Female,36.46.204.180
985,Diego,Jansens,djansensrc@unesco.org,Peru,Male,102.140.67.95
986,Kayle,Nutley,knutleyrd@woothemes.com,China,Female,128.203.125.102
987,Caty,Gofton,cgoftonre@artisteer.com,Brazil,Female,120.231.33.65
988,Grover,Harwell,gharwellrf@webs.com,Uruguay,Male,16.72.121.120
989,Clemens,Matejic,cmatejicrg@ihg.com,Brazil,Male,255.182.53.32
990,Tiebout,Lenox,tlenoxrh@canalblog.com,Myanmar,Male,20.149.93.52
991,Ancell,Heynel,aheynelri@aboutads.info,Israel,Male,177.112.185.97
992,Gilligan,Raff,graffrj@kickstarter.com,Russia,Female,247.146.226.253
993,Jennifer,Ditt,jdittrk@feedburner.com,China,Female,186.208.50.183
994,Shandee,Carabet,scarabetrl@netvibes.com,China,Female,191.254.41.188
995,Feodor,Blazy,fblazyrm@arizona.edu,China,Male,42.19.216.183
996,Obed,Cattrall,ocattrallrn@odnoklassniki.ru,Portugal,Male,164.23.121.22
997,Kele,Rodnight,krodnightro@51.la,France,Male,114.140.55.64
998,Niven,Simmance,nsimmancerp@fda.gov,China,Male,66.135.142.239
999,Frants,Graveson,fgravesonrq@mtv.com,China,Male,86.67.119.147
1000,Gran,Etherton,gethertonrr@prlog.org,China,Male,121.36.214.68
